{
    "batch_size": 32, 
    "learning_rate": 0.0011862515762923046, 
    "weight_decay": 0.0005073072978716553, 
    "sgd_momentum": 0.8295220628523434, 
    "scheduler_gamma": 0.9059721848106833, 
    "pos_weight": 0.7, 
    "model_embedding_size": 256, 
    "model_attention_heads": 3, 
    "model_layers": 1,
    "model_dropout_rate": 0.22277792420399223, 
    "model_top_k_ratio": 0.28771088919741555, 
    "model_top_k_every_n": 1, 
    "model_dense_neurons": 256,
    "epochs": 500,
    "train_file": "new2_ZINC_final_balanced_train_set.csv",
    "test_file": "new2_ZINC_final_balanced_validation_set.csv"
}
